name,email,year,month,day
Nesta, parchment@email.com,1980, 1,28
Andrew, wingman.app.info@gmail.com,1981,1,29
DJ, parchment@email.com,1981,1,29
Kirk, wingman.app.info@gmail.com,1982,1,20
Cee, parchment@email.com,1983,1,29
Saint. Clever, wingman.app.info@gmail.com,1984,1,29
corey, saint.clever.np@gmail.com,1981,1,29
Micheal, saint.clever.np@gmail.com,1981,1,29
Jason, parchment@email.com,1981,1,29
Fred, wingman.app.info@gmail.com,1982,1,20
Ted, parchment@email.com,1983,1,29
Walley. Clever, wingman.app.info@gmail.com,1984,1,29
Aaron, saint.clever.np@gmail.com,1981,1,29
Donald, saint.clever.np@gmail.com,1981,1,29